<?xml version="1.0" encoding="UTF-8"?>
<project-private xmlns="http://www.netbeans.org/ns/project-private/1">
    <editor-bookmarks xmlns="http://www.netbeans.org/ns/editor-bookmarks/2" lastBookmarkId="0"/>
    <open-files xmlns="http://www.netbeans.org/ns/projectui-open-files/2">
        <group>
            <file>file:/Users/jorgemora/Documents/descargas%20varias/ProyectoZoo/src/proyectozoo/Animal.java</file>
            <file>file:/Users/jorgemora/Documents/descargas%20varias/ProyectoZoo/src/proyectozoo/Visitantes.java</file>
            <file>file:/Users/jorgemora/Documents/descargas%20varias/ProyectoZoo/src/proyectozoo/Habitad.java</file>
            <file>file:/Users/jorgemora/Documents/descargas%20varias/ProyectoZoo/src/proyectozoo/RegistroAnimales.java</file>
            <file>file:/Users/jorgemora/Documents/descargas%20varias/ProyectoZoo/src/proyectozoo/Eventos.java</file>
            <file>file:/Users/jorgemora/Documents/descargas%20varias/ProyectoZoo/src/proyectozoo/ProyectoZoo.java</file>
        </group>
    </open-files>
</project-private>
